{
  "cache_key": "industrial_v80_n40_t295_s30_cL_pstd",
  "created_at": "2026-01-11T23:08:40.541463",
  "voc_range": [
    0.0,
    174.0
  ],
  "nox_range": [
    0.0,
    80.0
  ],
  "voc_axis": [
    0.0,
    8.7,
    17.4,
    26.099999999999998,
    34.8,
    43.5,
    52.199999999999996,
    60.89999999999999,
    69.6,
    78.3,
    87.0,
    95.69999999999999,
    104.39999999999999,
    113.1,
    121.79999999999998,
    130.5,
    139.2,
    147.89999999999998,
    156.6,
    165.29999999999998,
    174.0
  ],
  "nox_axis": [
    0.0,
    4.0,
    8.0,
    12.0,
    16.0,
    20.0,
    24.0,
    28.0,
    32.0,
    36.0,
    40.0,
    44.0,
    48.0,
    52.0,
    56.0,
    60.0,
    64.0,
    68.0,
    72.0,
    76.0,
    80.0
  ],
  "base_vocs": {
    "ETH": 5.0,
    "HC3": 15.0,
    "HC5": 10.0,
    "HC8": 8.0,
    "OL2": 3.0,
    "OLI": 2.0,
    "TOL": 12.0,
    "XYL": 8.0,
    "ALD": 5.0,
    "KET": 4.0,
    "OLE": 3.0,
    "ISO": 4.0,
    "APIN": 2.0,
    "MEOH": 2.0,
    "HCHO": 4.0
  },
  "base_nox": 40,
  "o3_surface": [
    [
      30.0,
      32.017952959156844,
      35.13209995754755,
      38.36702623969597,
      41.646672521856885,
      44.94865039007469,
      48.26346642535746,
      51.58515499619111,
      54.91342008773524,
      58.24569834514915,
      61.58104595349985,
      64.91515343647045,
      68.2575771496828,
      71.5981888195577,
      74.93958604532591,
      78.26831809007783,
      81.61173725711747,
      84.95619647812656,
      88.30142343220747,
      91.64671919796305,
      47.49629206162853
    ],
    [
      30.0,
      31.708896284468924,
      34.593839747588945,
      37.683849573587956,
      40.855230135102765,
      44.0693387518968,
      47.30916533263991,
      50.5654596451446,
      53.83394860504591,
      57.10956745249766,
      60.39329692144053,
      63.68122670939082,
      66.97427045464423,
      70.27242604274149,
      73.57135999563872,
      76.87347836838074,
      80.1770937064738,
      83.4824409788984,
      86.79189746551991,
      90.10127244805831,
      93.41447120243599
    ],
    [
      30.0,
      31.602464719667886,
      34.33378979827971,
      37.29465652404403,
      40.358054715051324,
      43.47887116811478,
      46.6370818740838,
      49.82089270978181,
      53.02150651120481,
      56.23709071086116,
      59.46473724299779,
      62.69898199067428,
      65.93955259709628,
      69.18811079108463,
      72.44129267803253,
      75.69987185095505,
      78.96152505471989,
      82.22763770064779,
      85.49885573963903,
      88.77161397728688,
      92.04618848448546
    ],
    [
      30.0,
      31.547292110928023,
      34.17755205544969,
      37.0393558997614,
      40.01055657614289,
      43.04876702608808,
      46.130936427680616,
      49.24361026050943,
      52.37988477206126,
      55.53301894182229,
      58.70268657777687,
      61.881651549546675,
      65.07176588168645,
      68.27029601569564,
      71.47683903287971,
      74.68970030542478,
      77.90785140150412,
      81.1309038362526,
      84.35927117527076,
      87.59388179469397,
      90.82891216412014
    ],
    [
      30.0,
      31.513665784619977,
      34.07276546193144,
      36.8573548651603,
      39.75359885227749,
      42.720232675422196,
      45.73449283791825,
      48.78372416931798,
      51.858436916476485,
      54.955636180278084,
      58.06951604035527,
      61.19413863155592,
      64.33302275830322,
      67.48287766297534,
      70.64138878535276,
      73.80916923578498,
      76.98194035253091,
      80.16228414800855,
      83.35092946082908,
      86.54742361366553,
      89.74192266519071
    ],
    [
      30.0,
      31.491389990958986,
      33.99820262988577,
      36.721493908124785,
      39.55537724149847,
      42.460645644858225,
      45.4161020224412,
      48.4070010463169,
      51.427604748107186,
      54.468804253452355,
      57.530641504667486,
      60.607990765371085,
      63.69678063493753,
      66.80073773829122,
      69.91332428258951,
      73.03582957207891,
      76.16595248948725,
      79.30488464349386,
      82.45120802678387,
      85.60513361539607,
      88.76315839915269
    ],
    [
      30.0,
      31.475502865110762,
      33.942069065622675,
      36.61636785035109,
      39.398230974475766,
      42.25135771650642,
      45.15338030094631,
      48.09408467483652,
      51.06350544368762,
      54.056306561240426,
      57.06932316126464,
      60.0987334929002,
      63.14363948782326,
      66.20147085700468,
      69.2703866242709,
      72.3499472879524,
      75.43902965537556,
      78.53783908682614,
      81.64509158598152,
      84.75846829834956,
      87.88037852059642
    ],
    [
      30.0,
      31.463726482472687,
      33.89847766825098,
      36.53237015781737,
      39.27020853834735,
      42.07761993194788,
      44.9346525628314,
      47.828610733938305,
      50.75308047553057,
      53.70112515445049,
      56.669654266950204,
      59.65643986756554,
      62.65765035819727,
      65.67611164177644,
      68.70143652247519,
      71.74011606544954,
      74.79078262311697,
      77.84940004057829,
      80.91700187402684,
      83.99306368329027,
      87.07632032746177
    ],
    [
      30.0,
      31.454656538653317,
      33.86372221949017,
      36.46375844754628,
      39.16463122232046,
      41.93114445154665,
      44.747870876841844,
      47.60118044808818,
      50.483199095230475,
      53.39180901617841,
      56.31986400540275,
      59.26587304549259,
      62.22802252017316,
      65.20344314756649,
      68.19283339238214,
      71.19357138492312,
      74.20540544569457,
      77.22907605621532,
      80.25865763056748,
      83.29647249981036,
      86.34495431528389
    ],
    [
      30.0,
      31.447750919972222,
      33.83558970046366,
      36.40699223973003,
      39.07515982884256,
      41.807635130558495,
      44.587277817759755,
      47.40385212389393,
      50.24806013751745,
      53.118975654933834,
      56.01089967957094,
      58.919063782769655,
      61.84405712744948,
      64.78371903255797,
      67.73591409653015,
      70.69863550864063,
      73.6756794076924,
      76.66100835870584,
      79.65685629709344,
      82.66169494784705,
      85.67511476005852
    ],
    [
      30.0,
      31.44213764924084,
      33.8124239566931,
      36.35883335674396,
      38.99844427163663,
      41.700107227339885,
      44.448001349892714,
      47.23012225355074,
      50.04230839081597,
      52.878497001238856,
      55.73502629905697,
      58.60873906083773,
      61.50015381933323,
      64.40433339626559,
      67.32194906093231,
      70.25286252541137,
      73.19651079854576,
      76.14675235115081,
      79.10743569051596,
      82.07926230433903,
      85.06058088222775
    ],
    [
      30.0,
      31.437555308543352,
      33.79279456170252,
      36.31789205825864,
      38.93262390572595,
      41.6063745053389,
      44.325202251878956,
      47.07824170847246,
      49.85943161443716,
      52.66314496271448,
      55.487879514703764,
      58.32994990615037,
      61.18927380094991,
      64.06190380231537,
      66.94756196281243,
      69.84400893215214,
      72.75426513883274,
      75.67486056479795,
      78.60434341051212,
      81.54290974676204,
      84.49568119225718
    ],
    [
      30.0,
      31.433671696544135,
      33.775929023492054,
      36.282355298849424,
      38.874996614334144,
      41.525479417132885,
      44.218014479699114,
      46.94359730954545,
      49.695443399647196,
      52.4719465946753,
