{
  "cache_key": "industrial_v20_n20_t295_s30_cL_pstd",
  "created_at": "2026-01-12T20:00:37.528838",
  "voc_range": [
    0.0,
    47.508399999999995
  ],
  "nox_range": [
    0.0,
    53.599999999999994
  ],
  "voc_axis": [
    0.0,
    2.3754199999999996,
    4.750839999999999,
    7.1262599999999985,
    9.501679999999999,
    11.877099999999999,
    14.252519999999997,
    16.62794,
    19.003359999999997,
    21.378779999999995,
    23.754199999999997,
    26.129619999999996,
    28.505039999999994,
    30.880459999999996,
    33.25588,
    35.631299999999996,
    38.006719999999994,
    40.38213999999999,
    42.75755999999999,
    45.132979999999996,
    47.508399999999995
  ],
  "nox_axis": [
    0.0,
    2.6799999999999997,
    5.359999999999999,
    8.04,
    10.719999999999999,
    13.399999999999999,
    16.08,
    18.759999999999998,
    21.439999999999998,
    24.119999999999997,
    26.799999999999997,
    29.479999999999997,
    32.16,
    34.839999999999996,
    37.519999999999996,
    40.199999999999996,
    42.879999999999995,
    45.559999999999995,
    48.239999999999995,
    50.919999999999995,
    53.599999999999994
  ],
  "base_vocs": {
    "CH3CCL3": 0.0015999999999999996,
    "CHCL2CH2CL": 0.007799999999999999,
    "CH2CCl2": 0.002,
    "XYL": 0.04979999999999998,
    "CH3CHClCH2Cl": 0.036,
    "CH2CLCH2CL": 0.27799999999999997,
    "OLT": 0.3621999999999999,
    "HC5": 1.9255999999999998,
    "KET": 3.0798,
    "C2HCL3": 0.08259999999999998,
    "CHCL3": 0.0538,
    "MACR": 0.23299999999999998,
    "HC3": 7.525199999999998,
    "ALD": 0.5786,
    "ETE": 1.9007999999999996,
    "ETH": 2.8627999999999996,
    "TOL": 1.1766,
    "CH2CHOCOOCH3": 0.0056,
    "CH3COOC2H5": 1.1182,
    "CH2CL2": 1.3277999999999999,
    "CHBr2Cl": 0.004,
    "CS2": 0.0806,
    "C3H4Cl2": 0.0036,
    "OLI": 0.09100000000000001,
    "THF": 0.018199999999999997,
    "C2CL4": 0.0136,
    "C2H2Cl4": 0.007,
    "CCL4": 0.06620000000000001,
    "ISO": 0.004,
    "HC8": 0.10739999999999997,
    "CLBENZ": 0.009,
    "MMA": 0.012199999999999997,
    "MTBE": 0.09659999999999998,
    "BENZ": 0.6003999999999998,
    "C2H2Cl2": 0.0036,
    "C2H5CL": 0.017499999999999998,
    "CH3Br": 0.0115
  },
  "base_nox": 26.799999999999997,
  "o3_surface": [
    [
      30.0,
      31.068541296795303,
      33.05175081616012,
      35.16409216327119,
      37.32518633886958,
      39.511478026124,
      41.712527023615735,
      43.92340743431606,
      46.1408160891969,
      48.36209188869432,
      50.587666204024096,
      52.81608144709399,
      55.04661523365586,
      57.27900859469294,
      59.51284212434114,
      61.74787355719153,
      63.98035466417465,
      66.21643183929153,
      68.45754610532985,
      70.69443800848815,
      36.46569601943872
    ],
    [
      30.0,
      30.923068144681903,
      32.82057263133469,
      34.890130520819376,
      37.023580405985804,
      39.18848135453895,
      41.371935140741,
      43.567643152427564,
      45.771719460072994,
      47.98094715673663,
      50.195317099725855,
      52.412976539219464,
      54.6335990535806,
      56.856358058612656,
      59.08074409639218,
      61.30663821687308,
      63.53447211782015,
      65.76322256136675,
      67.99235309803055,
      70.2233782465889,
      72.45404164157168
    ],
    [
      30.0,
      30.81476792505724,
      32.62555381037209,
      34.64924706413486,
      36.75212659539374,
      38.89444127820648,
      41.05970144548788,
      43.23932440785844,
      45.4291803980601,
      47.62633344905117,
      49.829381562170035,
      52.0365088794323,
      54.24706910666003,
      56.460427691615514,
      58.67573195435117,
      60.8932254944107,
      63.11262536315511,
      65.33335863493559,
      67.55533628737119,
      69.77874640510598,
      72.00268024662812
    ],
    [
      30.0,
      30.72972695488279,
      32.45578549934242,
      34.43095269322761,
      36.50124186593616,
      38.61877990993185,
      40.763984591499046,
      42.927051059832316,
      45.10212365112516,
      47.2863036511129,
      49.47697619603312,
      51.673204075925284,
      53.87372787957949,
      56.077517396815345,
      58.28284707907758,
      60.49163096697051,
      62.702309714851026,
      64.91520739607297,
      67.12923172915386,
      69.3449958567463,
      71.56193389031294
    ],
    [
      30.0,
      30.661160131876525,
      32.306532359336046,
      34.23229716652942,
      36.26788441449365,
      38.359343309710916,
      40.48380952165035,
      42.628882882744094,
      44.78885289307897,
      46.95902613581444,
      49.136759793665604,
      51.321010788567875,
      53.510790809979056,
      55.70372796094822,
      57.90078414373549,
      60.100076547248804,
      62.30253098021666,
      64.5060929700882,
      66.71246912373846,
      68.9203603393691,
      71.12969988655082
    ],
    [
      30.0,
      30.60473520913628,
      32.17445879310611,
      34.050777890799466,
      36.05146296850619,
      38.11553769678401,
      40.21772306810758,
      42.34421953107537,
      44.487599188272895,
      46.644218273101885,
      48.808372545940756,
      50.98068133912241,
      53.158610760524255,
      55.341372641025984,
      57.528105394603884,
      59.718212622058196,
      61.9112582032066,
      64.10730044782858,
      66.30483403427162,
      68.50458055198689,
      70.70629109829387
    ],
    [
      30.0,
      30.557548175670856,
      32.056555592825035,
      33.88426795251745,
      35.84921359375268,
      37.88565688968474,
      39.96588659415214,
      42.07278035500643,
      44.19975827660704,
      46.33991431449018,
      48.491767430775276,
      50.652141979421465,
      52.8175589015981,
      54.989628413458796,
      57.16608225110554,
      59.34635511199469,
      61.5297328177763,
      63.71630402731695,
      65.90550547187377,
      68.09752801693331,
      70.29183301436163
    ],
    [
      30.0,
      30.517503901281266,
      31.95075182220397,
      33.731101642122816,
      35.66050274174107,
      37.669028931046995,
      39.72544684993061,
      41.812815325606245,
      43.92275161609998,
      46.048100349210365,
      48.18506579599249,
      50.33324575814137,
      52.48658814367095,
      54.64678533016862,
      56.81265973027708,
      58.98341666382199,
      61.15692538859755,
      63.33476073951111,
      65.51544439754817,
      67.69862882683749,
      69.88425813818547
    ],
    [
      30.0,
      30.483026605339287,
      31.855366091240878,
      33.58982205373655,
      35.484017460864116,
      37.46435732845182,
      39.496886389554916,
      41.564562548245696,
      43.656307359413454,
      45.76618998626497,
      47.88920239308882,
      50.02312785355987,
      52.1647767732951,
      54.31429408976898,
      56.469287435885576,
      58.62912089606103,
      60.79378052067216,
      62.961770548764044,
      65.13382497669292,
      67.30834464273332,
      69.48547405730967
    ],
    [
      30.0,
      30.45319845609732,
      31.7688803796561,
      33.45871569166069,
      35.31822500500418,
      37.27053566546149,
      39.280042536826166,
      41.32742225619892,
      43.40128841992769,
      45.49495056456977,
      47.603012173059945,
      49.72358831285584,
      51.852864138776816,
      53.99090655431499,
      56.13390838586214,
      58.283472110055726,
      60.438505553363214,
      62.59675278968362,
      64.76013213594304,
      66.92576169318662,
      69.09507184440318
    ],
    [
      30.0,
      30.426926238470845,
      31.69013175979106,
      33.33687898041961,
