{
  "cache_key": "industrial_v180_n80_t295_s30_cL_pstd",
  "created_at": "2026-01-11T22:33:38.668749",
  "voc_range": [
    0.0,
    382.0
  ],
  "nox_range": [
    0.0,
    160.0
  ],
  "voc_axis": [
    0.0,
    19.1,
    38.2,
    57.300000000000004,
    76.4,
    95.5,
    114.60000000000001,
    133.70000000000002,
    152.8,
    171.9,
    191.0,
    210.10000000000002,
    229.20000000000002,
    248.3,
    267.40000000000003,
    286.5,
    305.6,
    324.70000000000005,
    343.8,
    362.90000000000003,
    382.0
  ],
  "nox_axis": [
    0.0,
    8.0,
    16.0,
    24.0,
    32.0,
    40.0,
    48.0,
    56.0,
    64.0,
    72.0,
    80.0,
    88.0,
    96.0,
    104.0,
    112.0,
    120.0,
    128.0,
    136.0,
    144.0,
    152.0,
    160.0
  ],
  "base_vocs": {
    "ETH": 8.0,
    "HC3": 20.0,
    "HC5": 12.0,
    "HC8": 15.0,
    "OL2": 5.0,
    "OLI": 3.0,
    "TOL": 18.0,
    "XYL": 15.0,
    "ALD": 6.0,
    "KET": 8.0,
    "OLE": 5.0,
    "ISO": 3.0,
    "APIN": 2.0,
    "MEOH": 5.0,
    "HCHO": 6.0,
    "CH4": 60.0
  },
  "base_nox": 80,
  "o3_surface": [
    [
      30.0,
      35.13209995754755,
      41.646672521856885,
      48.26346642535746,
      54.91342008773524,
      61.58104595349985,
      68.2575771496828,
      74.93958604532591,
      81.61173725711747,
      88.30142343220747,
      94.99258412325706,
      101.68205871349977,
      108.3761834290168,
      115.0713410942276,
      121.76760813387403,
      128.4639716896888,
      135.1614503902319,
      141.8588133239062,
      148.55653398847568,
      155.2549372287549,
      80.97658176750662
    ],
    [
      30.0,
      34.50378810976901,
      40.6691365030895,
      47.053732639237815,
      53.52314729207318,
      60.033911652622216,
      66.57466855978491,
      73.13265429005853,
      79.70318971397347,
      86.28562347085402,
      92.87777537944554,
      99.47775119394922,
      106.07958006591451,
      112.69001415596814,
      119.30348338670554,
      125.92605816111012,
      132.54870852391295,
      139.1759227387329,
      145.80694570438902,
      152.44081874732302,
      159.0781357460293
    ],
    [
      30.0,
      34.25763191373697,
      40.140698314862874,
      46.29686972080774,
      52.57541339772753,
      58.92125872734554,
      65.31286787927317,
      71.73491142597345,
      78.18227057796186,
      84.65115377485724,
      91.13417243421665,
      97.62944936948934,
      104.13855194964495,
      110.65945735986854,
      117.18895758517735,
      123.72773159327475,
      130.27336363410558,
      136.82706538800824,
      143.3861287765264,
      149.95351853959065,
      156.52541038377805
    ],
    [
      30.0,
      34.12355308353783,
      39.804102249011315,
      45.77197551775815,
      51.87894243604657,
      58.0719067077559,
      64.31797110270114,
      70.60775883589959,
      76.93092981357394,
      83.28050613429158,
      89.65378359949754,
      96.04610291440251,
      102.45467622039278,
      108.88020550736896,
      115.32060405248698,
      121.77327904098748,
      128.237466352984,
      134.71296522162723,
      141.19792432120352,
      147.69331256866414,
      154.19724043871386
    ],
    [
      30.0,
      34.039296445620245,
      39.56980685034564,
      45.38577170228695,
      51.34651209011983,
      57.39948982697502,
      63.51358988634859,
      69.67822982805106,
      75.8814606958428,
      82.11931812049762,
      88.3826908991007,
      94.67144213598996,
      100.98306187201165,
      107.31287516197209,
      113.66524913556226,
      120.02595719355114,
      126.4067716559227,
      132.8024907684154,
      139.20971310295442,
      145.63013896945395,
      152.06305801314534
    ],
    [
      30.0,
      33.98138563576683,
      39.39813819051425,
      45.08896113336876,
      50.925128731848524,
      56.85364664585073,
      62.85062170713364,
      68.90018951963822,
      74.99235453261308,
      81.12038882678623,
      87.27893140459372,
      93.4687638603658,
      99.68222256347694,
      105.91782333439676,
      112.17783352186194,
      118.45477350333128,
      124.75184822973198,
      131.0661659158125,
      137.3969754014289,
      143.74002713856257,
      150.10024893913234
    ],
    [
      30.0,
      33.939167392803135,
      39.26667172713723,
      44.853166181567275,
      50.58252097732451,
      56.403502982152695,
      62.29345135919409,
      68.2359696555266,
      74.22513497581069,
      80.25196576961616,
      86.31528403021147,
      92.40583635535255,
      98.52629338113738,
      104.67369562956436,
      110.84203829746505,
      117.0349593264733,
      123.24984407541369,
      129.48492653462012,
      135.73677631461834,
      142.00509064923247,
      148.2918761591575
    ],
    [
      30.0,
      33.90747996483805,
      39.161740828268606,
      44.66293013451359,
      50.29853074481894,
      56.02433268275937,
      61.81819598548512,
      67.66675911466568,
      73.559452328446,
      79.49459342310355,
      85.46084135949252,
      91.46284980198345,
      97.49414795652264,
      103.55547469150373,
      109.63921040895247,
      115.74956033899016,
      121.88164491957875,
      128.03657465362667,
      134.2128929878859,
      140.40689174794767,
      146.61964608557622
    ],
    [
      30.0,
      33.88281821429221,
      39.077431482995074,
      44.50342515354991,
      50.05842808936686,
      55.700370731877136,
      61.407385370485734,
      67.16919034643067,
      72.9776927470965,
      78.8217700642706,
      84.70313720141735,
      90.61949924388396,
      96.56610783292135,
      102.5423440523666,
      108.54610822865118,
      114.57494732899528,
      120.63091680224355,
      126.70899255137546,
      132.8093730785351,
      138.9302791569575,
      145.07211219498524
    ],
    [
      30.0,
      33.86265772627453,
      39.00816059226567,
      44.371412820680035,
      49.85380748740777,
      55.42147163015932,
      61.05027724049663,
      66.73164657889126,
      72.45801068321686,
      78.22406702408225,
      84.0255659689483,
      89.86215735066934,
      95.73024664411133,
      101.6256531438583,
      107.55117902657904,
      113.50288812758151,
      119.48284966917788,
      125.48499836797728,
      131.5116668398003,
      137.5620676442004,
      143.63330132063516
    ],
    [
      30.0,
      33.84640896281757,
      38.948630098962276,
      44.25768231073831,
      49.67839205607503,
      55.177778765966046,
      60.73672462456327,
      66.34611978803238,
      71.99988773989885,
      77.6877440141897,
      83.4154823273542,
      89.17565984795206,
      94.96667995946142,
      100.7896975623979,
      106.63948080978776,
      112.51910127814209,
      118.42404964270304,
      124.3545359202865,
      130.3115025903881,
      136.29127410555594,
      142.294400653918
    ],
    [
      30.0,
      33.83272376568066,
      38.89883248215792,
      44.159729679559334,
      49.525803146787474,
      54.96289808132236,
      60.45851688276001,
      66.00155484521075,
      71.58493225086148,
      77.20581752691956,
      82.86063140234427,
      88.55079259223146,
      94.27464274824813,
      100.02273893134722,
      105.80442684553222,
      111.61086776785422,
      117.44812582687413,
      123.30942060696663,
      129.1973625996438,
      135.1097391255004,
      141.047090931966
    ],
    [
      30.0,
      33.821304792172405,
      38.856349725144874,
      44.07480210905604,
      49.390839395991854,
      54.7737819971388,
      60.211655767164395,
