{
  "cache_key": "industrial_v40_n40_t295_s30_cL_pstd",
  "created_at": "2026-01-12T12:46:43.632527",
  "voc_range": [
    0.0,
    112.12199999999996
  ],
  "nox_range": [
    0.0,
    80.0
  ],
  "voc_axis": [
    0.0,
    5.606099999999998,
    11.212199999999996,
    16.818299999999994,
    22.42439999999999,
    28.03049999999999,
    33.63659999999999,
    39.242699999999985,
    44.84879999999998,
    50.45489999999998,
    56.06099999999998,
    61.66709999999998,
    67.27319999999997,
    72.87929999999997,
    78.48539999999997,
    84.09149999999997,
    89.69759999999997,
    95.30369999999996,
    100.90979999999996,
    106.51589999999996,
    112.12199999999996
  ],
  "nox_axis": [
    0.0,
    4.0,
    8.0,
    12.0,
    16.0,
    20.0,
    24.0,
    28.0,
    32.0,
    36.0,
    40.0,
    44.0,
    48.0,
    52.0,
    56.0,
    60.0,
    64.0,
    68.0,
    72.0,
    76.0,
    80.0
  ],
  "base_vocs": {
    "CH3CCL3": 0.001,
    "CHCL2CH2CL": 0.003,
    "CH2CCl2": 0.08549999999999999,
    "XYL": 0.13,
    "CH3CHClCH2Cl": 0.702,
    "CH2CLCH2CL": 0.49475,
    "DIEN": 0.0475,
    "OLT": 0.98475,
    "HC5": 7.359749999999999,
    "KET": 2.3729999999999998,
    "C2HCL3": 0.04275,
    "CHCL3": 0.13525,
    "MACR": 0.14425,
    "HC3": 17.508499999999998,
    "ALD": 1.7229999999999999,
    "ETE": 2.956,
    "ETH": 3.20775,
    "TOL": 4.2307500000000005,
    "CH2CHOCOOCH3": 0.015,
    "CH3COOC2H5": 4.0285,
    "CH2CL2": 7.28975,
    "CHBr2Cl": 0.001,
    "CS2": 0.00825,
    "C3H4Cl2": 0.00725,
    "OLI": 0.1055,
    "THF": 0.01525,
    "C2CL4": 0.03525,
    "C2H2Cl4": 0.001,
    "CCL4": 0.095,
    "ISO": 0.17625,
    "HC8": 0.8740000000000001,
    "C2H3Cl": 0.00525,
    "C2H5CL": 0.018,
    "CH3CL": 0.175,
    "CLBENZ": 0.011,
    "CH3Br": 0.012,
    "MMA": 0.10725,
    "MTBE": 0.23025,
    "BENZ": 0.71375,
    "C2H2Cl2": 0.007
  },
  "base_nox": 40.0,
  "o3_surface": [
    [
      30.0,
      32.017952959156844,
      35.13209995754755,
      38.36702623969597,
      41.646672521856885,
      44.94865039007469,
      48.26346642535746,
      51.58515499619111,
      54.91342008773524,
      58.24569834514915,
      61.58104595349985,
      64.91469450716659,
      68.25720318869583,
      71.59591807575673,
      74.9344224207788,
      78.2597331602007,
      81.59884550885954,
      84.9382197757614,
      88.27763667023085,
      91.61705727193629,
      47.47821932445503
    ],
    [
      30.0,
      31.56959122915563,
      34.465403775845495,
      37.58609552369702,
      40.78638984506657,
      44.02540884672445,
      47.28581116573001,
      50.561525367504906,
      53.84676657842643,
      57.139960004686074,
      60.43805051798388,
      63.740574428595416,
      67.04648505946874,
      70.35570109622282,
      73.6673659745239,
      76.98123893882935,
      80.29599475721375,
      83.61085155201741,
      86.92696234115868,
      90.24325560753783,
      93.56081889854619
    ],
    [
      30.0,
      31.28933675031235,
      33.959146190682276,
      36.949610349166676,
      40.05816996801737,
      43.224991602736075,
      46.426037271796666,
      49.64946137686631,
      52.88857327790451,
      56.13934015515974,
      59.39769707682816,
      62.66366616380016,
      65.9354926025707,
      69.21238355882222,
      72.49315371621512,
      75.77777163831281,
      79.0654109735754,
      82.35651846851125,
      85.64862246126329,
      88.94199794384502,
      92.23725308304158
    ],
    [
      30.0,
      31.097308044521768,
      33.55886084828882,
      36.41590611386559,
      39.425962171102476,
      42.51547720074537,
      45.65248177903848,
      48.81956444748126,
      52.00815084894129,
      55.21198107769718,
      58.429447898914496,
      61.655947021382225,
      64.89156905876474,
      68.13349142240106,
      71.38126557256072,
      74.63491717751279,
      77.8925380767846,
      81.15436234046541,
      84.4206939525054,
      87.6897324856292,
      90.96177879678659
    ],
    [
      30.0,
      30.957764929527023,
      33.23312797133076,
      35.961748043293774,
      38.87386852369204,
      41.88382710747214,
      44.95271602876387,
      48.060891074500695,
      51.19678251765756,
      54.35323211298918,
      57.52615378087131,
      60.71148687218468,
      63.9088790780213,
      67.11394791215083,
      70.32750153962456,
      73.54843008797879,
      76.7748350841754,
      80.00646395905322,
      83.24400700047175,
      86.48545827898042,
      89.73213751620234
    ],
    [
      30.0,
      30.851900768212023,
      32.96300372321401,
      35.57012296993359,
      38.387185043561274,
      41.31763058047545,
      44.31926761943152,
      47.36775902160324,
      50.4491677754345,
      53.556529352703926,
      56.68426609337869,
      59.827342901258454,
      62.984185479146156,
      66.1516837085519,
      69.32939163652755,
      72.51553433582588,
      75.71002182604082,
      78.91095957583899,
      82.11812168888414,
      85.33071791122941,
      88.5497326425212
    ],
    [
      30.0,
      30.768980200243764,
      32.73532251974134,
      35.22858854819884,
      37.954288164802115,
      40.807981479794975,
      43.74208889843218,
      46.730546768096545,
      49.75800417944545,
      52.81667372727242,
      55.89715697950109,
      58.99721937306579,
      62.112833457999734,
      65.24236077792536,
      68.3829975671072,
      71.53484277447197,
      74.69445833594992,
      77.86371236892387,
      81.04017752923653,
      84.22368185929594,
      87.4137908171114
    ],
    [
      30.0,
      30.702135465612372,
      32.54091293997841,
      34.92724116179905,
      37.566515676113895,
      40.345442724979414,
      43.21361931259155,
      46.14360256086216,
      49.11825228568277,
      52.126293105223624,
      55.16105615429996,
      58.21736306755384,
      61.29127105817848,
      64.38242867769146,
      67.4854992805967,
      70.60169091190986,
      73.72815889292154,
      76.86445787086846,
      80.00930540052465,
      83.16188861840325,
      86.3229097100432
    ],
    [
      30.0,
      30.647198889011996,
      32.37361501236539,
      34.65942568298089,
      37.21615273266803,
      39.924023273914756,
      42.728923187518376,
      45.60115891709205,
      48.52315158487823,
      51.48235357844913,
      54.47115859100368,
      57.48410921878245,
      60.51734514181291,
      63.568411956250905,
      66.63416403401607,
      69.71465240760429,
      72.80704242284651,
      75.90896623242739,
      79.02179952108293,
      82.144504377446,
      85.27548010397415
    ],
    [
      30.0,
      30.601065939196175,
      32.22828342114907,
      34.41935300061404,
      36.89886374534527,
      39.53758141901646,
      42.28133981510225,
      45.09806084667973,
      47.96834172881769,
      50.879495810331576,
      53.82269591706393,
      56.793120125538785,
      59.785895755024434,
      62.79819007935221,
      65.82627805482394,
      68.8706178280189,
      71.92772795906322,
      74.99669084172861,
      78.07744829787195,
      81.16887851532422,
      84.2690588641393
    ],
    [
      30.0,
      30.561779793176083,
      32.10071552402782,
      34.20297815040445,
      36.608789962823884,
      39.18225771124031,
      41.8665485037859,
      44.62932484267395,
      47.449085734189,
      50.31386743654537,
      53.212648989977424,
      56.14098004749667,
      59.09404137389877,
      62.066758376642916,
      65.05808794620492,
      68.06671315354397,
      71.08897931286138,
      74.12558823997327,
      77.17326865835949,
