{
  "cache_key": "rural_v740_n30_t295_s30_cH_pstd",
  "created_at": "2026-01-13T11:10:31.940370",
  "voc_range": [
    0.0,
    1496.68
  ],
  "nox_range": [
    0.0,
    73.99999999999999
  ],
  "voc_axis": [
    0.0,
    74.834,
    149.668,
    224.502,
    299.336,
    374.17,
    449.004,
    523.838,
    598.672,
    673.5060000000001,
    748.34,
    823.174,
    898.008,
    972.8420000000001,
    1047.676,
    1122.51,
    1197.344,
    1272.178,
    1347.0120000000002,
    1421.846,
    1496.68
  ],
  "nox_axis": [
    0.0,
    3.6999999999999993,
    7.399999999999999,
    11.099999999999998,
    14.799999999999997,
    18.499999999999996,
    22.199999999999996,
    25.899999999999995,
    29.599999999999994,
    33.3,
    36.99999999999999,
    40.69999999999999,
    44.39999999999999,
    48.099999999999994,
    51.79999999999999,
    55.499999999999986,
    59.19999999999999,
    62.89999999999999,
    66.6,
    70.29999999999998,
    73.99999999999999
  ],
  "base_vocs": {
    "CH3CCL3": 0.0,
    "CHCL2CH2CL": 0.015999999999999997,
    "CH2CCl2": 0.0,
    "CH3CHClCH2Cl": 0.13,
    "CH2CLCH2CL": 0.6859999999999999,
    "XYL": 672.688,
    "DIEN": 0.055999999999999994,
    "OLT": 2.2239999999999993,
    "HC8": 0.318,
    "HC5": 2.9599999999999995,
    "KET": 2.694,
    "C2HCL3": 0.106,
    "CHCL3": 0.076,
    "MACR": 0.356,
    "HC3": 2.9939999999999998,
    "ALD": 41.31599999999998,
    "ETE": 2.3919999999999995,
    "ETH": 2.5539999999999994,
    "CH2CHOCOOCH3": 0.025999999999999995,
    "CH3COOC2H5": 2.536,
    "CH2CL2": 2.6879999999999997,
    "CHBr2Cl": 0.03399999999999999,
    "CS2": 0.062,
    "C3H4Cl2": 0.0,
    "OLI": 3.2839999999999994,
    "THF": 0.03,
    "C2CL4": 0.02,
    "C2H2Cl4": 0.01,
    "CCL4": 0.08,
    "ISO": 0.005999999999999997,
    "C2H3Cl": 0.02,
    "C2H5CL": 0.01,
    "CH3CL": 0.668,
    "CLBENZ": 0.021999999999999992,
    "CH3Br": 0.01,
    "MMA": 0.3279999999999999,
    "MTBE": 0.128,
    "TOL": 5.175999999999998,
    "BENZ": 1.63,
    "C2H2Cl2": 0.005999999999999997
  },
  "base_nox": 36.99999999999999,
  "o3_surface": [
    [
      30.0,
      31.79605929679369,
      34.65370515027496,
      37.63396341587907,
      40.65980570132019,
      43.70856468782821,
      46.770489828957075,
      49.83984193579016,
      52.915920103865936,
      55.99606919741366,
      59.0792883959771,
      62.16494265295741,
      65.24848303828682,
      68.3406794735202,
      71.42897917215008,
      74.51714875675731,
      77.59195684389361,
      80.68052974891074,
      83.76943205581905,
      86.85838167898928,
      44.97367455006721
    ],
    [
      30.0,
      31.788018766017025,
      34.63508242349776,
      37.60487455231648,
      40.62013971817492,
      43.657630331777646,
      46.70795356374265,
      49.76746399485183,
      52.83282975999586,
      55.90228982199735,
      58.974753983549945,
      62.0497203519407,
      65.12692097088407,
      68.20656923918882,
      71.28485705841403,
      74.36383181712716,
      77.44305032536565,
      80.5225702381797,
      83.60164418834029,
      86.68128779341939,
      89.76131355738087
    ],
    [
      30.0,
      31.787927126430326,
      34.634773014528584,
      37.60414748806718,
      40.61725702840671,
      43.655049529962696,
      46.70379712006531,
      49.76117844586375,
      52.825957260722,
      55.893042700893375,
      58.964133301642946,
      62.03675490173935,
      65.11188103347602,
      68.18739493943629,
      71.26374624389983,
      74.34042375352972,
      77.4162697165971,
      80.4928148430304,
      83.5689751272608,
      86.64511907664745,
      89.72160923364522
    ],
    [
      30.0,
      31.787927441775384,
      34.63481302759664,
      37.604085197090534,
      40.617815540874204,
      43.65312611366007,
      46.703368401413364,
      49.76083561812465,
      52.8229426680342,
      55.89040647970857,
      58.96014818308695,
      62.03244669919187,
      65.1059951762613,
      68.18109141880653,
      71.25626311087379,
      74.33078284731745,
      77.40677086088148,
      80.48071050217106,
      83.55587365879559,
      86.6306281373799,
      89.70489897515873
    ],
    [
      30.0,
      31.787960646713973,
      34.634715997990114,
      37.60356786825359,
      40.61795353934852,
      43.653789901211525,
      46.701394225123884,
      49.76008493518744,
      52.82238099188408,
      55.88838839656142,
      58.95799313582656,
      62.0299319419276,
      65.10182526109294,
      68.17739960428416,
      71.25161756340634,
      74.32637185543126,
      77.40052723183918,
      80.4746940228876,
      83.54818077376406,
      86.6241561123555,
      89.69649411670991
    ],
    [
      30.0,
      31.78800477003904,
      34.63489837794528,
      37.60387663532252,
      40.61736993758316,
      43.65340787103918,
      46.702152841012044,
      49.758871352742936,
      52.82097918519904,
      55.88827797687474,
      58.9574021251223,
      62.02888692129719,
      65.10110078435766,
      68.17546401859438,
      71.24962170946976,
      74.3234910912644,
      77.3974581168034,
      80.47089497340993,
      83.54402554980251,
      86.61928493978415,
      89.69051352948647
    ],
    [
      30.0,
      31.788024542403683,
      34.63515792793026,
      37.604690802171014,
      40.61765255475222,
      43.65408382219716,
      46.70120483097291,
      49.759562508691495,
      52.82192645305672,
      55.887818789411384,
      58.95711266873617,
      62.027833127647376,
      65.10040366396933,
      68.17450812466328,
      71.24734792968222,
      74.32071107916603,
      77.39515547953764,
      80.46795753696819,
      83.54129702143146,
      86.61457411682427,
      89.68707100660535
    ],
    [
      30.0,
      31.78821553110457,
      34.635611841842,
      37.603796277994675,
      40.61768171356782,
      43.65416360569047,
      46.70306457713038,
      49.75956490918154,
      52.82135085313533,
      55.88775867765683,
      58.95650385566151,
      62.02752777587591,
      65.09991116478662,
      68.17331457768731,
      71.24740512259089,
      74.32025154461643,
      77.39309397288729,
      80.46677338218365,
      83.53950957146967,
      86.61227327251379,
      89.68386356251955
    ],
    [
      30.0,
      31.788249579282,
      34.63581093311246,
      37.604577804284226,
      40.61882593707605,
      43.65433453208233,
      46.7032749369388,
      49.76009103764318,
      52.82163987900563,
      55.88754169167138,
      58.95706705269834,
      62.02709420105288,
      65.09921926030681,
      68.17330673270597,
      71.2461267762551,
      74.31986922680655,
      77.39182132847753,
      80.46518361862236,
      83.53806275598733,
      86.61146540488886,
      89.68236020201692
    ],
    [
      30.0,
      31.788410157814905,
      34.63575785264998,
      37.60462103190383,
      40.6183887324661,
      43.65454084857672,
      46.70265894898212,
      49.76020763395784,
      52.822330731638175,
      55.8878467051724,
      58.956043555007376,
      62.02729154679787,
      65.09859943209939,
      68.1725736648971,
      71.24559175320515,
      74.31902348634726,
      77.39165130743945,
      80.46487687393859,
      83.53700615477918,
      86.60887692558424,
      89.68030296410579
    ],
    [
      30.0,
      31.788470335609333,
      34.63612554100141,
      37.60528217381503,
      40.618863266385894,
      43.65509632030795,
      46.70374063468424,
      49.75993128975131,
      52.82225203793836,
      55.888354743141974,
      58.95635584944614,
      62.027369684694534,
