{
  "cache_key": "v90_n30_t295_s30_c1_pstd",
  "created_at": "2026-01-11T04:27:35.356477",
  "voc_range": [
    0.0,
    185.776
  ],
  "nox_range": [
    0.0,
    60.0
  ],
  "voc_axis": [
    0.0,
    9.2888,
    18.5776,
    27.8664,
    37.1552,
    46.444,
    55.7328,
    65.0216,
    74.3104,
    83.5992,
    92.888,
    102.1768,
    111.4656,
    120.7544,
    130.0432,
    139.332,
    148.6208,
    157.9096,
    167.1984,
    176.4872,
    185.776
  ],
  "nox_axis": [
    0.0,
    3.0,
    6.0,
    9.0,
    12.0,
    15.0,
    18.0,
    21.0,
    24.0,
    27.0,
    30.0,
    33.0,
    36.0,
    39.0,
    42.0,
    45.0,
    48.0,
    51.0,
    54.0,
    57.0,
    60.0
  ],
  "base_vocs": {
    "CH3CCL3": 1.296,
    "CHCL2CH2CL": 1.136,
    "CH2CCl2": 1.076,
    "XYL": 3.596,
    "CH3CHClCH2Cl": 1.306,
    "CH2CLCH2CL": 1.27,
    "DIEN": 0.876,
    "OLT": 2.476,
    "HC5": 12.176000000000002,
    "KET": 4.77,
    "C2HCL3": 1.576,
    "CHCL3": 1.232,
    "MACR": 3.3080000000000003,
    "HC3": 2.0980000000000003,
    "ALD": 14.57,
    "ETE": 0.0,
    "ETH": 0.23,
    "TOL": 10.266,
    "CH2CHOCOOCH3": 0.864,
    "CH3COOC2H5": 0.976,
    "CH2CL2": 1.036,
    "CHBr2Cl": 1.272,
    "CS2": 0.0,
    "C3H4Cl2": 1.442,
    "OLI": 2.602,
    "THF": 1.396,
    "C2CL4": 1.28,
    "C2H2Cl4": 1.126,
    "CCL4": 1.302,
    "ISO": 0.05,
    "HC8": 7.232000000000001,
    "C2H3Cl": 0.81,
    "C2H5CL": 0.0,
    "CH3CL": 0.752,
    "CLBENZ": 1.216,
    "CH3Br": 0.0,
    "MMA": 1.258,
    "MTBE": 1.208,
    "BENZ": 2.632,
    "C2H2Cl2": 1.176
  },
  "base_nox": 30.0,
  "o3_surface": [
    [
      30.0,
      31.29120418900912,
      33.54933668451123,
      35.93430935721888,
      38.36702623969597,
      40.824185740557745,
      43.29409388796062,
      45.77636782759441,
      48.26346642535746,
      50.75385375654652,
      53.2487156846836,
      55.746191940583415,
      58.24569834514915,
      60.74690822904549,
      63.246272073328186,
      65.7491536300489,
      68.25720318869583,
      70.76121509527371,
      73.26524816648045,
      75.76891501285671,
      39.12986658010035
    ],
    [
      30.0,
      31.00721854885709,
      33.05011344124577,
      35.312934981741996,
      37.66230301958168,
      40.05427544148198,
      42.471721304299535,
      44.906261020196084,
      47.3511512311675,
      49.80478010647521,
      52.26416068740049,
      54.72871686360563,
      57.19677135685776,
      59.66788750930405,
      62.141208290215864,
      64.61705927207112,
      67.09569022277972,
      69.57426950286523,
      72.05476966036574,
      74.53738694143897,
      77.01997478000638
    ],
    [
      30.0,
      30.875285081557802,
      32.73885791736526,
      34.874441934824105,
      37.12979028969223,
      39.4486598607793,
      41.80636380597967,
      44.18809280633924,
      46.58648600144508,
      48.99955850968296,
      51.41956100172109,
      53.847828794714694,
      56.28248054126466,
      58.721335771398756,
      61.164772181588255,
      63.612552467711005,
      66.06236642711572,
      68.5148870855081,
      70.97000595865664,
      73.4267363782816,
      75.88629902194766
    ],
    [
      30.0,
      30.79699505553849,
      32.52205748090718,
      34.5430041337732,
      36.7069985190644,
      38.95135932752418,
      41.24640173502411,
      43.57383408505925,
      45.924692379720184,
      48.292253986911554,
      50.672827817562016,
      53.0634677796942,
      55.46261442846759,
      57.868284199371395,
      60.279579157105275,
      62.6959919252101,
      65.11639526861781,
      67.54038001921244,
      69.96851819314905,
      72.39904520726336,
      74.83327038496641
    ],
    [
      30.0,
      30.74484356179346,
      32.361625650136254,
      34.28245629739795,
      36.361889551328304,
      38.53513248638139,
      40.76855274106352,
      43.04148309804534,
      45.341964200456026,
      47.666545636275565,
      50.006039465361646,
      52.35799066138943,
      54.721390747478374,
      57.09242245034774,
      59.4709103916655,
      61.85500031544224,
      64.2460241727755,
      66.64062543416587,
      69.04095954275115,
      71.4438464497098,
      73.85096322436017
    ],
    [
      30.0,
      30.70756451323577,
      32.2378218635554,
      34.07235511376146,
      36.07430257881802,
      38.17998547904569,
      40.35361332953123,
      42.57447436888485,
      44.82939429087412,
      47.10853541429859,
      49.40731046473042,
      51.72074675180097,
      54.047220869736336,
      56.38385383968618,
      58.72925429802925,
      61.08300682172919,
      63.44136411667788,
      65.80882148596798,
      68.17834450961551,
      70.55539820603873,
      72.93469106388999
    ],
    [
      30.0,
      30.679383228046383,
      32.13929892645338,
      33.89842141496184,
      35.830653596998815,
      37.87329630145757,
      39.991597167624455,
      42.16198462126776,
      44.37029752076777,
      46.60664355964635,
      48.86569966451861,
      51.141308149014904,
      53.432088791308864,
      55.73438693658527,
      58.047124169366235,
      60.368508199575395,
      62.69681575103774,
      65.03355042945759,
      67.3756385905998,
      69.72325540266544,
      72.07708045739075
    ],
    [
      30.0,
      30.657468224538594,
      32.05889509846649,
      33.752590161876306,
      35.62143190564621,
      37.60641696651259,
      39.671094091385534,
      41.793613166551474,
      43.95775034842733,
      46.15335544931338,
      48.37330227424679,
      50.61239672810548,
      52.86811112015465,
      55.136647033491194,
      57.416593938538234,
      59.70652771487009,
      62.0059180730257,
      64.31195173700542,
      66.62632028226098,
      68.9464166536988,
      71.27134307796646
    ],
    [
      30.0,
      30.63996455224516,
      31.991865425490005,
      33.62803504218889,
      35.4399195795311,
      37.370663848640675,
      39.38580729225909,
      41.46245509108547,
      43.58423953068972,
      45.740311303541716,
      47.922739284943944,
      50.12707495545577,
      52.348391159660586,
      54.58360000308877,
      56.83168270045241,
      59.09214706601609,
      61.36095518925878,
      63.63872147493865,
      65.92418853044542,
      68.21639136632633,
      70.51657932756655
    ],
    [
      30.0,
      30.625551471157053,
      31.93538572294038,
      33.52071683353359,
      35.280589670555464,
      37.161307749103116,
      39.12927081796639,
      41.1629241306244,
      43.24428659149889,
      45.362720629349546,
      47.50888852248087,
      49.67945358517214,
      51.86736310718631,
      54.07175670871192,
      56.28966392233076,
      58.51840367526396,
      60.75914527450464,
      63.00820108038406,
      65.26618795014186,
      67.53179721321162,
      69.80498731977274
    ],
    [
      30.0,
      30.61336150570771,
      31.886911802434167,
      33.42688181455265,
      35.13967729991258,
      36.974281426709254,
      38.89862013790082,
      40.890319238011784,
      42.93360512319636,
      45.015790145923546,
      47.12805683594944,
      49.26447858129173,
      51.42206452122291,
      53.595372613364525,
      55.78387966610534,
      57.983543221762865,
      60.19457376721028,
      62.41664924123386,
      64.64696432822592,
      66.886913614763,
      69.13410467796567
    ],
    [
      30.0,
      30.6032185212724,
      31.84488128168909,
      33.34455963080767,
      35.01422277657581,
      36.80557629782404,
      38.68895604670275,
      40.64145398870124,
      42.64783995095664,
