{
  "legacy_like": {
    "time": 2.2175791263580322,
    "peak_o3": 331.83420806452665
  },
  "improved_visual": {
    "time": 0.4743492603302002,
    "peak_o3": 331.8277281164558
  },
  "highres_interp_x4": {
    "time": 0.6868076324462891,
    "peak_o3": 331.83417295575566
  }
}